iteration,train_quantile,valid_quantile
1,0.2963489825809112,0.3009449684041649
2,0.289899069659537,0.29388760282410603
3,0.28620150967076435,0.2903469131372145
4,0.2809518653529201,0.284173061679957
5,0.27497996111224343,0.2778477345132727
6,0.26899652442909705,0.271303469452349
7,0.26322484149780917,0.2652478854317343
8,0.25759776290171005,0.2593063987058714
9,0.25223254266378187,0.25344543249944296
10,0.24907965330183163,0.2504846597385496
11,0.24584553701431464,0.24721374278509023
12,0.24288474254086198,0.2443059699677579
13,0.23784828021387144,0.2387859923475604
14,0.23301371743012664,0.23372468363202223
15,0.22835348223357624,0.22868697503485388
16,0.22387215864715745,0.22388601893424553
17,0.22033595345368606,0.21981701429944422
18,0.21766845648480196,0.21725943668086045
19,0.21346867331558417,0.21304898541153497
20,0.20948650023336332,0.20912181169449529
21,0.2063229370715377,0.2056252816660259
22,0.2038651927979583,0.20327075571390119
23,0.20007557076190907,0.19935488741845964
24,0.19650220473846286,0.19561763870302515
25,0.19292629727405422,0.19185438080078707
26,0.1902020368957644,0.18865509407206027
27,0.18683007394227172,0.1853719010469559
28,0.18367817572376327,0.18205917266900723
29,0.18111338310454583,0.17918207121562488
30,0.17800508652514666,0.17598285236473535
31,0.17505915821960225,0.17311951594446756
32,0.17224191049965906,0.17050412215265232
33,0.1700932855186822,0.1683605276838656
34,0.1679991491783992,0.16633879325332004
35,0.16578889736935482,0.1640795477155025
36,0.16366727377702903,0.1618594148626196
37,0.16123816139787872,0.15960639854589576
38,0.1588066019594611,0.1573269134511562
39,0.157023715577997,0.1556135907055156
40,0.1545685050856619,0.15318021245448707
41,0.15235297427071812,0.15109241626221745
42,0.15055794432303235,0.14919384787620674
43,0.1482367232011998,0.14691391534704165
44,0.14606749979761466,0.14481188931848119
45,0.14393551505577534,0.14272280619256278
46,0.1419596656328418,0.14086844690454337
47,0.14011017969878514,0.13908691978833776
48,0.13818251491722458,0.13713847429936185
49,0.13636058688562225,0.13539938965962836
50,0.13501889997957378,0.1341445100518605
51,0.13339121863104617,0.13263341096181988
52,0.13185132022233775,0.1310644925150338
53,0.13018665854981729,0.12955360059425577
54,0.12870542875164154,0.12800444026015756
55,0.12730069875292455,0.1267038550485952
56,0.12594666784670402,0.12539425577599475
57,0.12450716990438568,0.124095400093803
58,0.12333204142782818,0.1230426094722357
59,0.12233753862376938,0.12205133782999247
60,0.12133320217842612,0.1211032641664945
61,0.11990243339067864,0.1197021879899893
62,0.1185467295723751,0.11834201592349766
63,0.11757350335001193,0.11741032449746584
64,0.11623708229320086,0.11605983975358454
65,0.11510241147988826,0.11507045492114036
66,0.11383689984244369,0.11376432696082751
67,0.1127832976389195,0.11279667561615023
68,0.11166697704547596,0.11173143938260859
69,0.1105096427763566,0.11069373465871836
70,0.10974191778141137,0.10999653627184576
71,0.10855764301851968,0.10882361860464598
72,0.10750951357151156,0.10779362515326735
73,0.10622322173145826,0.1065874312048755
74,0.10527514319954479,0.10577577479580956
75,0.10440791833017572,0.10503644343963699
76,0.10330719026202684,0.10391849976092069
77,0.1020726071887925,0.10269814673144485
78,0.10126592051688713,0.10193729602973167
79,0.10025609783142463,0.10095044028581748
80,0.09947121599277549,0.10034328393170996
81,0.09889630228279793,0.0998286894007843
82,0.09781435445949518,0.098745905317066
83,0.09675308846539506,0.09770346537385619
84,0.09628772236824316,0.09735437474619694
85,0.09559225045857367,0.09669335222705285
86,0.09464461804409285,0.09566434765787173
87,0.09411030132487443,0.0952122508273535
88,0.09311845606888389,0.09422720941232746
89,0.09232301312555724,0.09346333025416217
90,0.09142595174329815,0.09263637265039537
91,0.0905975718648575,0.09183178883043015
92,0.08971714607982831,0.09098707992712009
93,0.08883793836436649,0.09017824137756943
94,0.08794439052389078,0.08934808971849062
95,0.08718187258665558,0.08858443776258446
96,0.08649077259963707,0.08787529927449554
97,0.08548904061593002,0.08694972402419361
98,0.08477297289753197,0.08624581038586634
99,0.08407463082620052,0.08558162247972322
100,0.08338081225552824,0.08482657161693571
101,0.08275005831828787,0.08412930096938104
102,0.08222456643765089,0.08354245848052741
103,0.0816475530644881,0.0829290154975099
104,0.08099358924170075,0.08215860829874046
105,0.080462246251852,0.0815442731891645
106,0.07988016316251746,0.08090522960347227
107,0.07930805050062735,0.08025597458070943
108,0.07863530616181695,0.07962450749207936
109,0.07803393026688157,0.07898428900689596
110,0.07756214915036015,0.07846231388372821
111,0.077023463882783,0.07785834444305433
112,0.07633004438372759,0.07726176970232781
113,0.07566027654649579,0.07658552431014683
114,0.07519734769011747,0.07608559458874982
115,0.07472879344797806,0.07557582087798546
116,0.07427947382253892,0.07515733245324935
117,0.07388259675581821,0.07479286658007706
118,0.07346327053394586,0.07434757971981748
119,0.0728861082575031,0.07376756059520886
120,0.07247311157232686,0.07334713617567439
121,0.07200713013166768,0.07286753845158075
122,0.07158953163085882,0.07247858558650849
123,0.07123268793774,0.07203575190003342
124,0.07075004353922959,0.07150639985666653
125,0.07055378849683104,0.0713706902961182
126,0.07000505054203426,0.07076418766087503
127,0.06946369584494859,0.0702403707157007
128,0.06912591563223759,0.06984245416595868
129,0.06864533490986637,0.06930214668952216
130,0.06843703073441115,0.06912883179191623
131,0.06820628486662712,0.06888902269394694
132,0.0678207672855212,0.06851448535987872
133,0.06748320496643317,0.0682006791314547
134,0.06720131829855114,0.06791142279666156
135,0.06697310984020877,0.06770301824741513
136,0.06647955119954053,0.0672816214089273
137,0.06600894577634943,0.06686395409372266
138,0.06572511242100135,0.06661137777136159
139,0.06545530643864607,0.06633248922205728
140,0.06510667770138792,0.0659937910289758
141,0.0648185258020699,0.06571231923574873
142,0.06435582536687169,0.06528481721797129
143,0.06400522646624135,0.06492842002141427
144,0.06370455791542447,0.06464979755521587
145,0.06342296461292887,0.06437784851834968
146,0.06298748338945794,0.06402493330717925
147,0.062555671333274,0.06367935889823423
148,0.06213538243878566,0.06330736388117619
149,0.06174221369823455,0.06290093669032151
150,0.0613247676448669,0.06244036490725121
151,0.06094147216037521,0.06207532039213694
152,0.06063318287453898,0.061766880093701244
153,0.06026623812324555,0.06138904499802178
154,0.05992531748440829,0.06102997110287471
155,0.05958872635199706,0.06068883476936168
156,0.059473973211386415,0.06061265695825098
157,0.05937522133574211,0.06056212942170926
158,0.059036742787937524,0.06022728593355344
159,0.05884752656492643,0.06011195609107273
160,0.058514017162922476,0.059764033851178934
161,0.05818667878735194,0.059416438707684066
162,0.057850405995124865,0.05908902227454746
163,0.05766128320243759,0.05891287451974146
164,0.05736770325199334,0.058631896405228166
165,0.05707593639007532,0.05834568429202078
166,0.05699305322148794,0.05829703054584459
167,0.05682346593985688,0.058128847600954936
168,0.05659152029016868,0.057910675134869555
169,0.05633795176693858,0.057599464009584614
170,0.05605494288077729,0.05728665721110509
171,0.055971375411147425,0.057228256140232456
172,0.055801613487740244,0.057038669276391125
173,0.055548249378290816,0.05672860320366717
174,0.055271418861397976,0.05643820450799396
175,0.05502638932937705,0.056147069933057285
176,0.05489709856629172,0.05596573270799742
177,0.05466476167969523,0.055699940029761315
178,0.05442312886355136,0.05543786927250897
179,0.05417490966202746,0.05517790155765307
180,0.054121903972930575,0.05515694841018157
181,0.05407099445827948,0.05512266964777283
182,0.054004340468956503,0.05513100093324114
183,0.05379395677706283,0.05491611320587646
184,0.053567189697553245,0.05468327312222447
185,0.053350190522063766,0.05444694721528569
186,0.0531576785247431,0.05425451851148694
187,0.05295904291631141,0.05404794410913153
188,0.05277406772631655,0.053857796988748055
189,0.0527315233845552,0.05384585019886891
190,0.05255690666585376,0.053681875954718995
191,0.0523718868240052,0.0534993678097213
192,0.052194368317124824,0.053313419039894124
193,0.05200880124021188,0.05312835787410701
194,0.0518411366110716,0.052948418918413544
195,0.051690415088421586,0.052789384775348315
196,0.05153982572954986,0.052645590917183765
197,0.05138903993580045,0.05248954116445001
198,0.051340399674711046,0.052502210124636566
199,0.05119639708984527,0.05236146136480331
200,0.05104402951680444,0.05219944667824114
201,0.050888353501800376,0.05202919127730166
202,0.050763005832511185,0.05188659531703144
203,0.050721091529654955,0.051864781144135653
204,0.05057920285512127,0.05172684760559549
205,0.05044910245042625,0.05157923480303698
206,0.050385812531380705,0.0515368339421522
207,0.050250055443184394,0.051394238505216794
208,0.05012991094936101,0.0512752815513976
209,0.049996444860813026,0.05115374570035582
210,0.0499568449184374,0.05110990248224729
211,0.049835062637058815,0.05097877804547944
212,0.04974701920858053,0.05087708436376346
213,0.04962995874830259,0.05071690124658221
214,0.049512708837656814,0.050598711107038584
215,0.0494829213365192,0.05057853832914904
216,0.049393012586255225,0.05047022043451185
217,0.04928535008062999,0.0503544092661737
218,0.049167989549996516,0.050173493584809645
219,0.049080059107075004,0.05008453994666265
220,0.049004044585728546,0.04999678964033034
221,0.048971592316140546,0.0499742237893262
222,0.04888380473973589,0.04988542667166912
223,0.04879811788272247,0.049797727362133455
224,0.048735694917468785,0.049723447789444424
225,0.0486564636292992,0.04963906014512566
226,0.048552584105288066,0.04945732624735573
227,0.0484798515827999,0.04938174877137481
228,0.04835990384675631,0.049178799090963364
229,0.04827658081569277,0.049105278482964976
230,0.0481936736460067,0.049033443769089524
231,0.04812524750861751,0.048959268120544394
232,0.048054106037463205,0.04888611767422833
233,0.04797609720681803,0.048819240005508094
234,0.04791343942920645,0.048749029439348175
235,0.047846668039084696,0.04867852208714693
236,0.0477798400154338,0.048616260754310824
237,0.04769577553870066,0.048512719800707114
238,0.04763576934895451,0.04845754017631953
239,0.04758474715574518,0.048414508549230365
240,0.04755873364114895,0.04840389545456741
241,0.04751173481581819,0.04834100497525136
242,0.04745624323590582,0.04828719210689677
243,0.04740801610241483,0.048250948498181116
244,0.047340443554503266,0.048116149546247156
245,0.0472797230967134,0.048054044010041326
246,0.047257202876062866,0.048055760544773424
247,0.04720861054112545,0.04801606201762038
248,0.04717753354373168,0.04798704333085523
249,0.04713450279385894,0.04796054628986934
250,0.04710062926634722,0.047939586671787625
251,0.047049695760338954,0.04789002949405137
252,0.046999418027873566,0.04783725590468806
253,0.04695942741495402,0.04781728421864955
254,0.04692243906378826,0.04778960651637801
255,0.04688969029991142,0.04776417432514159
256,0.04685306831616851,0.04773396460542016
257,0.04681568640273434,0.04769838231725419
258,0.04677150689796403,0.04765400742369757
259,0.04674932420482102,0.04764249704563843
260,0.046712796958477965,0.04760443901769701
261,0.046692323835194414,0.04759395922408461
262,0.046659218970676083,0.04756968182217034
263,0.04662092185252331,0.0474997587638219
264,0.04659917520048435,0.0475111906009244
265,0.04657993493402348,0.04752454560245474
266,0.046562997884709925,0.04752000404027125
267,0.04651583203480004,0.047446144706420626
268,0.046489637898855005,0.047417299968700616
269,0.0464742547805091,0.0473895967826404
270,0.0464636603777696,0.04738851979178598
271,0.04643868668752039,0.04737482326794362
272,0.04640583870708118,0.04732543536365459
273,0.04638467662727811,0.04735587615958924
274,0.04636800091112575,0.04734706193576356
275,0.0463512670050052,0.04733666364729391
276,0.04632569727755082,0.047314346517052325
277,0.04630728815620888,0.04729985710764152
278,0.04629300166643281,0.047279503820413384
279,0.04624469837608257,0.04720089575124061
280,0.04622120204269801,0.047189074503171315
281,0.04620471249420555,0.04718577868775253
282,0.04618724948107075,0.047158161451610246
283,0.04616344691610395,0.04715495158942756
284,0.0461361986904395,0.047127530489896874
285,0.046122736244916036,0.04712736376477874
286,0.046105241889684755,0.047088573311850374
287,0.046092893708906776,0.04709021512143736
288,0.046068711230537004,0.04706090443799758
289,0.046051273671998454,0.047077166203841246
290,0.04603481472590571,0.04703664390056456
291,0.04601481954438216,0.047041979190801456
292,0.045995297600872787,0.04699974109260378
293,0.045983059927820064,0.04698259103806225
294,0.04596836195391155,0.04696069981438874
295,0.04594699241258762,0.04693079654333035
296,0.045933804575466634,0.046930531036663954
297,0.045915976450536376,0.04691550906652016
298,0.0458690745949594,0.046839629719454594
299,0.04585280382745533,0.04683710790759773
300,0.04584076892319058,0.04682093191256946
301,0.045828597846715564,0.04680904271095466
302,0.04581638221851487,0.046811246370597734
303,0.04580836924609002,0.04680520813956281
304,0.045793369702302515,0.046787583521242494
305,0.045782911840214005,0.04678065249208849
306,0.04577424656667761,0.046757513431500364
307,0.04576167764467561,0.04675582989915597
308,0.04575042167628667,0.046756373288836264
309,0.04573969181744799,0.04676758140875003
310,0.04572741867174363,0.04676435298519587
311,0.045713496039793695,0.04676031062524507
312,0.04569806614265958,0.04675218153259195
313,0.04568627586611109,0.046759020170988215
314,0.045669584325353514,0.0467554275797344
315,0.04565369889706348,0.046776155613257146
316,0.04563938057287744,0.04676133321342871
317,0.045626934945203,0.04674969922758309
318,0.04561811862825998,0.046739398324516346
319,0.04560555431107183,0.04672633996296611
320,0.04559520047435342,0.04672135157135071
321,0.0455841602126921,0.046715752359791925
322,0.045573171489180296,0.04670864905903671
323,0.045558304530690166,0.0467013746254995
324,0.045545704121009445,0.046700141580654136
325,0.04553368886388565,0.04670214153467848
326,0.045526083693614196,0.04669446702602055
327,0.045515298571507205,0.04670828059105549
328,0.04550287699980058,0.04672722885892865
329,0.04549678902638921,0.04671552214906208
330,0.045482446598322866,0.046704514206965975
331,0.04547265026954418,0.0466980841509052
332,0.04546000912133578,0.046695105259537906
333,0.04545110754914331,0.04668839257191637
334,0.04544495426486332,0.046689617304055415
335,0.045438959711046695,0.04668592904442271
336,0.04543206758043319,0.046696484363014226
337,0.045424489287528194,0.046688936464791615
338,0.04541686550495618,0.04668663946874977
339,0.04540193213980223,0.04667185882696266
340,0.045386956465585486,0.04666506394430247
341,0.045346606909264994,0.04663015030586527
342,0.04533121272754965,0.04662613339962595
343,0.04531410466972434,0.046626953450971315
344,0.045297570299132686,0.04660963170687647
345,0.04529030472261954,0.04659673611822289
346,0.045284627184267505,0.0465826212531392
347,0.045271578051057734,0.04656985084507758
348,0.04524326382918965,0.04652242811388428
349,0.04523299572817375,0.046535477133284854
350,0.0452250742058646,0.046533927458030505
351,0.045211232343668264,0.04652408550915378
352,0.045202203677348195,0.04651446624158084
353,0.04519359425673301,0.046490577080904226
354,0.045180634809792314,0.046493380512794315
355,0.04517172230610242,0.046487421010270785
356,0.04515262069124247,0.046471422512624795
357,0.045146253911337024,0.04646430279962442
358,0.04514170234971599,0.0464617450781811
359,0.04513516990936062,0.04646284067567569
360,0.04512982061276918,0.04645922221925804
361,0.04512340836954312,0.04645012096582563
362,0.04511699835631145,0.046450008755954515
363,0.045111386703555044,0.046439325696305
364,0.045106112789429866,0.046435866507609315
365,0.04509619711590429,0.046433218499098025
366,0.04508938661061356,0.04642895575200571
367,0.04508191408332544,0.04641190765805141
368,0.04507412540691348,0.04641941253347469
369,0.045066182634653174,0.04641778064821966
370,0.0450614576586722,0.046409516358833
371,0.0450527303010049,0.04641178399387962
372,0.045042607292616554,0.0464003939466696
373,0.04503663344516087,0.046399992876154754
374,0.0450264409326855,0.04639329132934875
375,0.04501577125997374,0.046384511461498
376,0.04500670140734349,0.046375819593090166
377,0.044995113310262964,0.04637420063027916
378,0.04498695731970329,0.04637270676336833
379,0.04497619814278182,0.04637978574900518
380,0.0449644320297288,0.04640749907079703
381,0.044956307429721024,0.04640263331530284
382,0.044943956031101046,0.04640948946427732
383,0.044933214261185815,0.04639833392576087
384,0.044930141826152556,0.0463925503515053
385,0.044920390156500775,0.04638960859749438
386,0.04491580318503047,0.04638467760385712
387,0.044909628518679336,0.046387050457557887
388,0.044901137565242784,0.04639196019095744
389,0.0448936777740749,0.04639346720172628
390,0.04488961009361597,0.046390871629841235
391,0.044884855011215447,0.04639509042917532
392,0.044878565696567306,0.04640454685761731
393,0.044872582136765454,0.04640020894454433
394,0.04486632686121276,0.046396083225235134
395,0.044860423380208,0.04642309370981361
396,0.04485470165444799,0.04642346022448804
397,0.04484311350212498,0.0464552075600971
398,0.0448411945457502,0.04645700705114844
399,0.04483479440249487,0.04646312823159738
400,0.04482714422479176,0.04645192171184934
401,0.044823618521210314,0.04644529699874321
402,0.04481185761001188,0.04642168157806236
403,0.04480294604562215,0.046425944194443576
404,0.04479587952139963,0.04643368758348925
405,0.04479079822466501,0.04643779254760218
406,0.04478354184409639,0.046426075940712436
407,0.04477576638451197,0.04643662166412721
408,0.04477159321842765,0.04643198059613517
409,0.044768682622234,0.04642852924856358
410,0.04476327867318413,0.046429137900817964
411,0.044748776304355906,0.046416962822234197
412,0.044737632140127936,0.04639986617939293
413,0.04473255756307805,0.04639571150580435
414,0.04472378963187408,0.046416953036297906
415,0.04472068982998094,0.046421226032824135
416,0.04470697759211026,0.046420607014116905
417,0.04470240710998829,0.04641865196110674
418,0.04469430169664199,0.046414924034936106
419,0.04469033940276134,0.04642084388506599
420,0.04468250679597202,0.04642135098556728
421,0.04467797510397714,0.04642463808546894
422,0.04466613866125167,0.04641856539737007
423,0.04465933665289658,0.04642650300435679
424,0.0446555603512697,0.046439394097967324
425,0.04465047294329687,0.04643148370096223
426,0.04464149674856891,0.046432603199563674
427,0.04463403280726506,0.046428481270637964
428,0.04462522369848875,0.04640681725682382
429,0.04462239696040229,0.046402792092719504
430,0.04461474488098755,0.04640228674099958
431,0.04460949050418327,0.046427939492292944
432,0.044602747039832386,0.04641960281910195
433,0.04459630256488357,0.04641628224207
434,0.04459201435511784,0.04641567842930203
435,0.04458621985789252,0.04640620713692814
436,0.04457781750313063,0.046398854689788945
437,0.04457065905079977,0.04639218418515975
438,0.04456665160447198,0.046387340687625275
439,0.04456070031058498,0.04637620305154353
440,0.04454529195332433,0.046365521225678843
441,0.044539354886078596,0.04636255978124544
442,0.04453190585778688,0.04636651218595172
443,0.044524806052714104,0.04637092156168688
444,0.04451140102737412,0.046370230969377056
445,0.044505383499326666,0.04636713170288038
446,0.04450118975111115,0.046374826645977495
447,0.04449552198532366,0.0463795420493614
448,0.044488326886325494,0.04637133112621379
449,0.04448374363495069,0.046358857331696444
450,0.044478668296927544,0.046351393074415194
451,0.044474696588072786,0.04635425802581233
452,0.044470608486629516,0.04635005267386575
453,0.04446015100794305,0.04635802941541095
454,0.04445600391705918,0.046348855248143694
455,0.044451122563023894,0.04635184874325672
456,0.04444250487109958,0.0463340183404147
457,0.04443798717739745,0.04633659892604979
458,0.044435016507451984,0.04632859686546864
459,0.04443238281373201,0.046321003770186255
460,0.04442816659341547,0.04632232435426651
461,0.04442212815516018,0.046323414438449305
462,0.04441178912301427,0.04629818917724788
463,0.04440891736795518,0.04630259758500155
464,0.04440461840695752,0.04631818410546489
465,0.04439288597778269,0.04629589503286502
466,0.044386890080314705,0.04627930804052993
467,0.044367177720182685,0.046243822799902155
468,0.04435860310499494,0.04624729104410279
469,0.04435341771357382,0.0462312416563428
470,0.044349857236530385,0.04622355440790767
471,0.04434730404642621,0.04622130639556791
472,0.04434469175952815,0.046216555061053065
473,0.044333386004032735,0.04621511820536665
474,0.044330257551548645,0.046218366329518173
475,0.04432640487141138,0.04621663637103025
476,0.044323805286935615,0.04622067707059981
477,0.04432005568999973,0.04622733768448146
478,0.04431359085625076,0.046223910211296966
479,0.044309134505597314,0.046218196375550503
480,0.04430422869339123,0.04622060361317364
481,0.044301357677076,0.046225820043911195
482,0.044292386721884125,0.04623741543100841
483,0.044287635040114674,0.04624715614788946
484,0.04428562573766922,0.04625533907462438
485,0.044279627439898724,0.046243054658558644
486,0.044273930145880214,0.04625044409799019
487,0.04426979593283153,0.04627635935272604
488,0.04426183281781223,0.04627937616933382
489,0.044257852884516745,0.04627449108890928
490,0.04425567764808855,0.04626663269623608
491,0.04425338950490634,0.04626742314348171
492,0.04424560736664849,0.046264868195555996
493,0.04424315796012101,0.046266469095052026
494,0.044240983038787464,0.04626664320775937
495,0.04423678587682418,0.04628185798408338
496,0.04423390429487362,0.04628353178452138
497,0.044231501473702334,0.046286212149657474
498,0.044226825422387685,0.04627934123459737
499,0.04422311476410612,0.04628427780220641
500,0.044217482145105826,0.04629127370221152
501,0.04421455262152839,0.04629144742357109
502,0.04421226756836283,0.046291674021877255
503,0.04420584219566561,0.04629040458965009
504,0.044199734668615216,0.04629343001634772
505,0.04419643190307986,0.04628600512785081
506,0.04419110757400965,0.04628473057780059
507,0.044182598822434443,0.04627637667359618
508,0.04417917328584527,0.04629228809310247
509,0.044175538237225406,0.04628659662602099
510,0.044170689852372276,0.046295444423912695
511,0.04415562634310089,0.04626604580123884
512,0.04415116128797819,0.046261595034709
513,0.044146297603699945,0.04626497975701249
514,0.04414140417243418,0.04626142155561219
515,0.04413542950367648,0.04626887109079689
516,0.04413302414192311,0.046266449863337215
517,0.04413059935118461,0.046273221961357046
518,0.044125288203027316,0.046290811373399667
519,0.04411823849380146,0.046289253971680544
520,0.04411307561884392,0.04629216447668659
521,0.04410990515665261,0.04628740463302181
522,0.04410086259510423,0.046266313953407946
523,0.04407601182506358,0.04623444609021684
524,0.044071629233750166,0.0462366666848749
525,0.044066442341247895,0.0462312037422505
526,0.04406243620600793,0.046236333017226294
527,0.044055749005142836,0.04624220979603806
528,0.04404919789254124,0.04625176834260234
529,0.044045194374008695,0.04626019874145284
530,0.04403924910271985,0.04625375815143363
531,0.04403582105034776,0.04625515536375893
532,0.044032210950272675,0.04625966593439892
533,0.04402813309170994,0.046264384264361996
534,0.044022347756039186,0.046270235175462526
535,0.04401545571678936,0.04627433153449209
536,0.044013590770600006,0.04627653558424511
537,0.044009921547762794,0.04627441463037404
538,0.044004310901459745,0.04627441766580581
539,0.044000655034783606,0.04626494275802723
540,0.04399547035963303,0.04626655962258785
541,0.04399218727124272,0.04626931751494778
542,0.04398526439322286,0.0462659687233399
543,0.04398220126953067,0.04626562187334234
544,0.043978349213601185,0.046266771127972416
545,0.04397492912823817,0.04625567142281125
546,0.04396606039471697,0.04623869044785216
547,0.043963548660748565,0.04623811619224352
548,0.04395227239294064,0.046216215294577916
549,0.043949632717963746,0.046218382776350535
550,0.04394217532064874,0.04620268184338951
551,0.04394072977931914,0.04620456601656407
552,0.04393113219729952,0.04625242496589516
553,0.04392626858486762,0.0462492333752805
554,0.04391252787844156,0.04623968010815498
555,0.043905177669289315,0.046233177522730914
556,0.04389742628324036,0.046249711610499886
557,0.04389263866793556,0.04624563214444236
558,0.043889232315199145,0.046241719071355034
559,0.043885268219068914,0.046234977585230104
560,0.043880774826218855,0.04625436289844964
561,0.04387900530182982,0.04624954754982366
562,0.043874263429179355,0.046260759397318545
563,0.043868977317393004,0.04626946934480124
564,0.043863566845513534,0.046270643419834986
565,0.04386075831295024,0.04626650400040518
566,0.04385832848018253,0.046260884748469705
567,0.04385602557834329,0.046265998331317504
568,0.04385009603492926,0.04626431126472638
569,0.04384480724706654,0.04626731049833429
570,0.043839813368069,0.046257509531289896
571,0.043836637129042004,0.04625428680246736
572,0.04383511352859143,0.04625643890252901
573,0.04383174671272525,0.046255110454215334
574,0.0438227358164651,0.046253238283200604
575,0.043820551341886754,0.046250751718791415
576,0.043815731333594565,0.04626334154118767
577,0.04381088229207383,0.0462637157985171
578,0.043809029833431844,0.046264722682280816
579,0.043807220785509415,0.04626761731660936
580,0.04380553636606582,0.046274062971241654
581,0.043799766189150324,0.04627967062152762
582,0.043792808331661034,0.04627354360151668
583,0.043790235840345276,0.04627215325758237
584,0.04378860196827384,0.046267268682068506
585,0.04377963735040519,0.04625779229821716
586,0.04377605793759393,0.046258223038236554
587,0.04376957458149348,0.04626298942821634
588,0.04376658419696801,0.046262913085750576
589,0.04376161958919508,0.04632400836647715
590,0.0437582951841896,0.04632954352758781
591,0.043754064762994364,0.04632416448620927
592,0.04373521437294528,0.04634454192941637
593,0.04373262421989788,0.04634434866016934
594,0.04372914054237126,0.04635484133258726
595,0.043725345037206244,0.046347387344883424
596,0.04372098659368664,0.04633171316358298
597,0.04371681600241957,0.046331465171349354
598,0.04370864619863172,0.046322439524780386
599,0.04370455594341443,0.04631332686163284
600,0.043701621703560095,0.046316681794128296
601,0.043689869442550065,0.046304976752935136
602,0.043687585343164304,0.046302217514561074
603,0.04368432427519813,0.04630126355136108
604,0.04368001196372392,0.046294629912286875
605,0.043678293091332844,0.04629620352889036
606,0.04367576456075706,0.046298073170650496
607,0.04367364619748417,0.046298366953670046
608,0.043667816135291096,0.046300601322282725
609,0.043666143059941306,0.046297457698129575
610,0.04366131208685846,0.046293649748107304
611,0.04365143882507511,0.04626616698071739
612,0.04364722918862571,0.046273083631290256
613,0.04364258696465341,0.04627089867582215
614,0.043641635260432556,0.046272025553189926
615,0.04363656595412649,0.046279243560784965
616,0.04363190921376562,0.04627779899491693
617,0.043626332868689915,0.04628028850616938
618,0.04362436382115746,0.046276547178173616
619,0.04362283789876321,0.04627764403113969
620,0.043615539818312433,0.046260211366217684
621,0.04361222999984945,0.046259772120263255
622,0.04361019941097628,0.04625949365348729
623,0.04360469703494301,0.046264406325618915
624,0.043600965045805365,0.04625599945801547
625,0.04359572030538666,0.04625262600249019
626,0.04359274498171494,0.04624310984746437
627,0.04358995243545621,0.046245185916010616
628,0.043587625324606576,0.046244702070168654
629,0.04358249741318396,0.04624386793393027
630,0.043579673310948,0.04625037101374737
631,0.04357646015488941,0.046234284610423663
632,0.04357435494518788,0.04623422151267613
633,0.04357091093953732,0.04623901406764801
634,0.04356713845238701,0.046239565564477336
635,0.04356433093304815,0.046239146748501415
636,0.043561985543150154,0.04623750213160485
637,0.043558021037878966,0.04623367934784482
638,0.04355390016533887,0.04623950736604552
639,0.04355033949421441,0.0462392960608818
640,0.043546908364731685,0.046233219863731696
641,0.043545149122131185,0.04622917992204482
642,0.04354220834748299,0.04623309777848772
643,0.04354029744506864,0.04623266770410184
644,0.0435374395622267,0.046233435721192755
645,0.04352959785779608,0.04622482962158853
646,0.043526382007170246,0.046220092243699364
647,0.04351909078510257,0.04622048186222643
648,0.04351593692295897,0.04622449504994139
649,0.043513830033372836,0.04621687728975729
650,0.04351039431367841,0.04621915249603156
651,0.043508035377173314,0.04621799208442578
652,0.04350419933783897,0.04621794656060095
653,0.043501991902569946,0.046210828209646206
654,0.04349725849324786,0.046205668680067535
655,0.043494620511460545,0.04621572131954737
656,0.04349329716894477,0.046212937637778395
657,0.04348784443057505,0.046208796432014726
658,0.04347985431966956,0.046207380669693515
659,0.0434752449545392,0.046206703721706405
660,0.04347340715884475,0.046208526905680204
661,0.04347191334512995,0.046210699781745544
662,0.043470524458339335,0.046209858622666085
663,0.04346859517834963,0.04620892547280576
664,0.043462766905013335,0.046211182240943435
665,0.043460859982569384,0.04620908843285003
666,0.043455755731544934,0.046203754445239005
667,0.04344997556770643,0.046207337015611166
668,0.0434400677459024,0.04618026139820964
669,0.04343622776023366,0.04617899411634652
670,0.04343413579455511,0.04617617535772705
671,0.04343219521309032,0.04617502809795192
672,0.04342845334390567,0.04617713666474535
673,0.04342558648038532,0.04617949357495454
674,0.043424031277153934,0.046175300720554216
675,0.04342077587314921,0.046172103795599405
676,0.043419331342857435,0.046177803687240754
677,0.0434162729187231,0.046179419913212255
678,0.04340276715958001,0.04616235618984124
679,0.043395955914596544,0.046160082104153934
680,0.04338718354924157,0.046153121642760024
681,0.043378609563021406,0.04614368886764707
682,0.0433718761523487,0.04613761587729858
683,0.04337011071015569,0.046133654964829456
684,0.04336716207370556,0.046133589707198386
685,0.04336594382484152,0.046133292661713364
686,0.043363270471721976,0.046133821102186966
687,0.043350044695973804,0.046103096719821726
688,0.04334810377927004,0.04610349159737196
689,0.043344472258308474,0.04610796801609239
690,0.04334294170406224,0.04610897437509442
691,0.04333958113167597,0.04611775794370269
692,0.04333642009337518,0.04611733365410765
693,0.043333058723724886,0.04611125460189959
694,0.04333027693205293,0.046117124960620676
695,0.0433269099787028,0.046113353850583065
696,0.04332407349910861,0.04612262511329454
697,0.04332071428517673,0.046131206905766636
698,0.04331812024751582,0.04618382543348839
699,0.04331582343220031,0.046175143158491715
700,0.043314919337970645,0.04617298437531354
701,0.04331259870181983,0.046170848353473196
702,0.043310954781278214,0.04616705416610458
703,0.043308137371832235,0.04617124442286409
704,0.04329762812204947,0.04616985483099691
705,0.043297007710793915,0.04616997437226201
706,0.043295370627010644,0.046168137074093875
707,0.04329317914389011,0.046172168915499856
708,0.043286651449798035,0.04616059873085702
709,0.04328204752266216,0.04615980173501743
710,0.04328115573413511,0.046159044446408004
711,0.04327719786879339,0.04615980548351568
712,0.04327493737357087,0.046168951024090715
713,0.04326687664995493,0.04615727723693769
714,0.043264565811026924,0.04615526000539338
715,0.04326042033897327,0.04615245900723609
716,0.04325905120278842,0.04614899896173862
717,0.04325772657203904,0.04614764572877487
718,0.043255769075415965,0.0461534101220348
719,0.04325289606302609,0.04615295690819891
720,0.04324924969768194,0.04614620864223595
721,0.04324641512869778,0.046136806262130514
722,0.043243018421140506,0.04613214548813442
723,0.04323947073019971,0.0461321918567995
724,0.04323639177277133,0.046132101346482456
725,0.04323187382829545,0.0461311402076897
726,0.04322863773704864,0.04613163564018709
727,0.04322780104553672,0.04614307850467511
728,0.043225850991479124,0.046143212870946096
729,0.04322351931944014,0.04613969370220603
730,0.043219582480315336,0.046171747765590895
731,0.04321778890584309,0.046163711580242246
732,0.043212352976782505,0.0461543017620858
733,0.04320967533104707,0.04615737531344988
734,0.043208229748567126,0.046163244490344424
735,0.043205621715712766,0.046158748092520616
736,0.043204064041745954,0.046156105518208076
737,0.043199225717817424,0.04614856918944904
738,0.04319625720141325,0.046144884251302955
739,0.04319335171086289,0.04614828925652507
740,0.04318621039740744,0.04613628833609735
741,0.043181219758233996,0.04613950146284963
742,0.04318040432246808,0.046137248901147884
743,0.04317779828307765,0.04614044686137896
744,0.04317457484443778,0.046138451154620966
745,0.04317315583572143,0.0461396632466667
746,0.0431713140047855,0.046139284896243526
747,0.04316968516224094,0.04613119443909905
748,0.04315430894197175,0.046116482919456914
749,0.043150526173675895,0.046112516585018304
750,0.043147075341932295,0.04611445591964819
751,0.04314505215717359,0.046111134015818685
752,0.04314355061513304,0.04610793636017478
753,0.04314087757521248,0.04611049160352057
754,0.04313951792331532,0.04611557961786729
755,0.04313640457916381,0.04611408546233919
756,0.04313344284250967,0.046126999261191376
757,0.04313056410960242,0.0461242378502214
758,0.043129152882769126,0.04612385469324294
759,0.043124868649196436,0.046113735901174284
760,0.043122952150299834,0.04611258893329418
761,0.04312173642447774,0.0461148780980941
762,0.04312068826197353,0.04611093006391116
763,0.043116427139258603,0.04612165560109833
764,0.04311429109177684,0.04612529044909577
765,0.04311198347990864,0.0461188743909426
766,0.043111029219996495,0.04612143404206322
767,0.04310808923685595,0.04611746310007953
768,0.04310183563613856,0.04613338534383048
769,0.043099838824364425,0.0461255478096323
770,0.043097847831175234,0.0461268170021784
771,0.043096481139932134,0.04612048640315547
772,0.0430943408286605,0.0461179963316933
773,0.043093367926901695,0.04610865566263427
774,0.04309210341156951,0.04611208832622828
775,0.0430903854456817,0.046133981473481134
776,0.04308801968754311,0.04612047854803055
777,0.04308617379118679,0.04612186838856345
778,0.043082647047733034,0.046116754020266555
779,0.043080494742782076,0.046117688475739264
780,0.04307819648961022,0.04611322769460557
781,0.043072256859934564,0.04610268087816639
782,0.043071261948765024,0.04610581281706862
783,0.04306818238711105,0.046104045593110564
784,0.043065547331677334,0.04610910426097838
785,0.04306408679185782,0.04611002752704208
786,0.043061338769395135,0.04611155921349346
787,0.04305465745507756,0.04611014229360998
788,0.04305093152508732,0.046153254875815564
789,0.04305009753125599,0.04614801161745252
790,0.04304850523806523,0.04614719624079426
791,0.04304691491834809,0.04614802630429582
792,0.043042814190332034,0.04613054263654399
793,0.0430335137815219,0.04613277368198632
794,0.04303285597011988,0.046130300184479694
795,0.043031048957882435,0.046131191029505796
796,0.043028331151609006,0.04613777741755354
797,0.043026832055786474,0.046131810679673375
798,0.04302290243706037,0.04613359951983938
799,0.04302017379411917,0.04613727633633579
800,0.04301790362391975,0.0461398316558305
801,0.043009179012322964,0.046129656492210985
802,0.04300762550925784,0.046133157011963175
803,0.04300605310090464,0.04612750792569169
804,0.04300325903233742,0.04612237169755078
805,0.043001667881073444,0.04612616964906424
806,0.04299753429089114,0.046126099971991165
807,0.04299515463778967,0.04612696788035458
808,0.042993213029156555,0.04612346287969968
809,0.042990592443198354,0.04612751391948491
810,0.042987141761065675,0.0461183059973628
811,0.04298391533830663,0.04612347216025575
812,0.042979072770856455,0.04611710526086823
813,0.04297671462605249,0.04611595728634455
814,0.04297251635048222,0.046114937875813986
815,0.042970874127899,0.046114888574960496
816,0.042967919653770226,0.046114233287052324
817,0.042965557102098095,0.04611428170878186
818,0.04296439294281626,0.04611477378523895
819,0.04295654856411165,0.04610476478680729
820,0.04295471613031079,0.04610357420601384
821,0.04295331408949936,0.046102262378686
822,0.0429508307606263,0.04610582447250489
823,0.042950111508601965,0.04611018896473309
824,0.04294737974886849,0.04610229439144691
825,0.042945239201026116,0.04610332725547683
826,0.04294381524290929,0.046102463981983595
827,0.04293733056642122,0.04609440730435161
828,0.04293603582343344,0.04610306365579021
829,0.042934818344839025,0.046100280388272706
830,0.042933675626234416,0.046097768917351775
831,0.04292910113049819,0.046098684588174996
832,0.0429283868133095,0.04609899377579598
833,0.04292430508419295,0.046087854563857375
834,0.0429113222211524,0.04607722512374363
835,0.04291009540950527,0.046078085787000074
836,0.04290839871210815,0.04608152895666858
837,0.042905945086324976,0.046081654816458796
838,0.04290254188206919,0.046087460775260776
839,0.042895578320977144,0.046075851254513335
840,0.042893740421381873,0.04607314399577698
841,0.04289091474067554,0.04607800767815055
842,0.04288812413248747,0.04608088527098733
843,0.04288656922923405,0.04608564632833634
844,0.04288543966428533,0.046083454309361435
845,0.04288175342439838,0.04609524134591662
846,0.0428791681353401,0.04609550017332513
847,0.042874978092918965,0.046092715871048184
848,0.04287209542788321,0.04608870971009716
849,0.042870251860706025,0.0460941354272144
850,0.04286950549333571,0.046093371635627524
851,0.04286629789879705,0.046091950780229984
852,0.04286388997365729,0.04608890023936488
853,0.0428593017142984,0.04609303480763451
854,0.04285133098212917,0.046077518456756617
855,0.042849034328081306,0.0460737198752773
856,0.042845921310921804,0.04607591369743362
857,0.04284515060959333,0.04607860397169691
858,0.04284151649650351,0.046068270308907006
859,0.04284018949343322,0.046073221413520354
860,0.04283126511632375,0.046058378746303495
861,0.04282525709378365,0.04605999666484056
862,0.04281935750147782,0.04604733190071404
863,0.04281788322984059,0.04604506306061462
864,0.04281271968962315,0.04604774445456318
865,0.042810879922142046,0.04605095492668457
866,0.04280720119651785,0.04604214570949087
867,0.04280559466126303,0.04604684472874921
868,0.04280426837960996,0.04605128960835874
869,0.04280351693619655,0.04604707709368463
870,0.04280158223236995,0.04605450724232875
871,0.042799464423362577,0.046067089694203464
872,0.042797953213771334,0.046073666721743574
873,0.042796839293755905,0.046071627956827
874,0.04279372539822417,0.04606401513786186
875,0.042792717349986756,0.046061096839849984
876,0.04278984563226794,0.04605711810957678
877,0.04278802087748277,0.046054671543008546
878,0.04278642875714537,0.04605569068918248
879,0.04278398484086049,0.046058848956080256
880,0.04278135979261984,0.046047470654420254
881,0.042779896680360176,0.046067575398763154
882,0.0427762110952292,0.04606812575233672
883,0.04277426554501912,0.04606878063195684
884,0.042772443113053775,0.04607017327732724
885,0.04277126815963074,0.04607209087934661
886,0.04276240260025665,0.04604499360963524
887,0.0427607771814647,0.04604172404995335
888,0.042758238475967526,0.04603754303880234
889,0.04275598006332323,0.04603775541570143
890,0.042747916696470566,0.04602560084273912
891,0.04274670787822448,0.046023744315178715
892,0.04274340838081791,0.0460248962642996
893,0.04274124972823448,0.046023725229684086
894,0.0427391867976439,0.04602536284739198
895,0.042737108764087504,0.0460288693152858
896,0.04273500616533946,0.04602347365715666
897,0.042732857716303245,0.046025383522215926
898,0.042731421164630835,0.04602654118063669
899,0.04272992496326594,0.046013960639990005
900,0.042728730976855304,0.04601388066659869
901,0.04272622199583803,0.04601078144131344
902,0.04272320288074848,0.045999543171788185
903,0.04271746430336889,0.04598976596960313
904,0.042716377804855425,0.04599047326069274
905,0.04270854665924295,0.04598567215081619
906,0.04270605373074397,0.04598911063672512
907,0.04270464944304485,0.04598242052311875
908,0.04270117463409561,0.04598242270827556
909,0.04269990381884907,0.04598632580347733
910,0.042698650668069174,0.0459830869396847
911,0.042697107917570115,0.04597654147052545
912,0.0426952297648629,0.045972724647029097
913,0.0426921186606362,0.045960614423662276
914,0.04268690834042049,0.0459507176701317
915,0.04268329093663488,0.045949990344163534
916,0.042679758342747794,0.04594518028193113
917,0.04267843545705173,0.04594642057259687
918,0.04267726229977991,0.045955411578074125
919,0.04267099930357683,0.0459407990209533
920,0.04266899008291219,0.04594288205646191
921,0.04266887279859379,0.04595150182766803
922,0.042667051687576556,0.04595080907539356
923,0.04266501825786153,0.0459466893688804
924,0.04266320412599798,0.04594050688938754
925,0.042658396000432364,0.04594219529645283
926,0.04265574431932021,0.045937160153548644
927,0.04265460290565702,0.04594087381756943
928,0.04265124670201995,0.04595058179065742
929,0.0426499960526903,0.04594943726567495
930,0.04264768774841521,0.04594676374340419
931,0.04264664884530582,0.04594823325210567
932,0.042645228081020004,0.04595285027064732
933,0.042641732374488255,0.045950944776111315
934,0.04263693918728907,0.045941390007013055
935,0.04263427860884127,0.04593772776374386
936,0.0426312196895696,0.04592760530830402
937,0.04262929764032007,0.0459281813295875
938,0.04262854236448337,0.045972419861237186
939,0.04262823487645734,0.045989148639116594
940,0.04262709283160837,0.04598592639842473
941,0.04262438817318907,0.04597451145733484
942,0.04262273852311513,0.04597503183752421
943,0.04262040334009635,0.04597246424409203
944,0.04261918645569953,0.045974070976506756
945,0.0426177327728366,0.045976893663838905
946,0.042614896232990855,0.04597945210054012
947,0.042613062258898673,0.04597494896326695
948,0.04260967858931209,0.045972756934896525
949,0.042607411706861324,0.0459699159935522
950,0.042604138528526916,0.04595810288909094
951,0.042597983341529165,0.04595230701302464
952,0.04259648005565765,0.045953315375509535
953,0.04259475823030596,0.045949207794764316
954,0.0425876172799667,0.045944021719050473
955,0.042586247413221756,0.045954428606140164
956,0.04258473331730824,0.045952908054400846
957,0.04258337387991169,0.04595123283094639
958,0.042582195090793445,0.04594855490636099
959,0.042580617984906054,0.04595314319544087
960,0.042579134228522025,0.04595272957196106
961,0.042575324309410655,0.04594066293248905
962,0.04257347388467761,0.04594274462016374
963,0.04257172463991499,0.04595435085748177
964,0.042570857299676565,0.045958720278520555
965,0.04256903257708081,0.04595200607327444
966,0.04256582588050572,0.045961890442482424
967,0.04256392230159153,0.04595999917569147
968,0.04256243148203945,0.04596013360239536
969,0.04256116177640779,0.04596143084107849
970,0.04255852257337517,0.04595925125867817
971,0.04255727849698518,0.04595562770102433
972,0.04255554016133172,0.045957484484471844
973,0.04255252224135376,0.045955074516241284
974,0.04254848894359774,0.04594650082161162
975,0.042545528046462236,0.045948690537035715
976,0.04254427372921658,0.045944186998494986
977,0.042542317251662576,0.04594391689532793
978,0.04253952005035584,0.04594639073634793
979,0.04253793860119377,0.04594696359809331
980,0.04253306323968759,0.04596094834537806
981,0.042531298382264764,0.045956526202165386
982,0.042530300741181956,0.04595843041176334
983,0.0425287903953256,0.045960367373424064
984,0.04252786118766471,0.045962196310115465
985,0.04252726100824359,0.0459668466590944
986,0.04252568236445776,0.04596550104104645
987,0.04252435436513379,0.04596320578886775
988,0.04252062774333456,0.04596050551129074
989,0.042518868480298184,0.04595909837363066
990,0.042517891444164874,0.045958385556061486
991,0.04251658833225789,0.04595684345643842
992,0.042515102732012436,0.04595572913415902
993,0.0425142314270015,0.04595246680547466
994,0.04251311069388835,0.045951000930352114
995,0.042511124733963006,0.04595272166489582
996,0.042506916053632514,0.04594549662682262
997,0.04250450246203615,0.04595268512337235
998,0.04250387358270115,0.04595150535329595
999,0.04250194012875743,0.045948029520444085
1000,0.04250059679171231,0.045946726767403724
1001,0.04249978131772396,0.045953518010671955
1002,0.042498081079907726,0.04594782446114713
1003,0.04249759342748228,0.04594852584739986
1004,0.04249425477442951,0.04594740157603066
1005,0.04249169058790249,0.045946988902044135
1006,0.042489595844080845,0.04594539887407474
1007,0.04248648781486086,0.04595657837439058
1008,0.04248388614271624,0.04595399823090577
1009,0.04248214649449401,0.04595095429449491
1010,0.042478550930581574,0.0459516090187122
1011,0.04247513033755647,0.045945640949837226
1012,0.04247418890270911,0.04594881530999089
1013,0.042473301093209605,0.04594698484052423
1014,0.04247256005361607,0.04595284605452859
1015,0.04247111394860294,0.045954816045131845
1016,0.04246965098740327,0.04595257153618348
1017,0.04246586826737232,0.04595219731812866
1018,0.04246476386626221,0.045984780078822354
1019,0.042461517568741884,0.04597682904355165
1020,0.04245238707634467,0.04596334120547336
1021,0.04245010880728949,0.04595987518524252
1022,0.042448132684563496,0.04596494705714519
1023,0.04244694390861996,0.045967035504549766
1024,0.04244511876906684,0.045975471248544786
1025,0.04244415080233244,0.04597417446630668
1026,0.042441998448596856,0.045973632203785926
1027,0.04244122932790084,0.04597216462225801
1028,0.042436612104517005,0.045970095633739175
1029,0.04243496664164332,0.04596981592618067
1030,0.04243404895677526,0.045971763739942856
1031,0.042433085993047334,0.045968986708592875
1032,0.042432148537070814,0.045964411427044036
1033,0.04243002076786237,0.04596228151154559
1034,0.04242839443862787,0.04595449762188727
1035,0.04242501682072048,0.04594901722929742
1036,0.04242046363683716,0.045935982064852506
1037,0.04241857158504829,0.045930398166015435
1038,0.042416333390983725,0.045925621728185956
1039,0.04241579383861112,0.04593268905565165
1040,0.04241250376213756,0.045933214693964504
1041,0.04240694501614878,0.04593544184166478
1042,0.042405944728974534,0.045936458610455894
1043,0.04240512601538714,0.04593441982773162
1044,0.04239738928053221,0.04592021298018285
1045,0.0423926661727347,0.045935939316238295
1046,0.04239050926216335,0.04596409783772876
1047,0.04238991895010956,0.04596397407446094
1048,0.042389015981133225,0.045962716011161545
1049,0.04238637163183901,0.04597014243641869
1050,0.042382467353011766,0.04598300863123817
1051,0.04238173172833032,0.04597812269061684
1052,0.04238060472962206,0.04598281001021373
1053,0.042376827959543825,0.04598232264608835
1054,0.0423746237751188,0.04598144873224809
1055,0.042372735415812726,0.04598026558382878
1056,0.04237112654922757,0.045979847868176826
1057,0.04236978257538765,0.045976328585286316
1058,0.04236870713948884,0.045973878063037925
1059,0.04236556160040891,0.045969804106344644
1060,0.04236365308309256,0.04597041650507174
1061,0.04236250392947747,0.045965243341922465
1062,0.042361118273417694,0.04596458449078734
1063,0.04235805605568435,0.04596284597451313
1064,0.04235673914525509,0.04596381511620039
1065,0.04235541146366393,0.04596230174876981
1066,0.042353723076908045,0.045961874069914706
1067,0.04234828273275226,0.04595694577580637
1068,0.04234644393306096,0.04598062427375613
1069,0.04234369058392634,0.04597078081411777
1070,0.04234085617509505,0.045970637049916954
1071,0.042338638824769396,0.04596923574361336
1072,0.04233768454971811,0.04596918987367749
1073,0.042336466719757104,0.04596921398108414
1074,0.042334622107131126,0.04596516828682714
1075,0.04233145464474209,0.0459616949627896
1076,0.04232975278312373,0.04596480225235836
1077,0.04232874307583756,0.04596290350395789
1078,0.042327099465966155,0.045961664478125046
1079,0.04232422114844103,0.04596411417252671
1080,0.04232341838851659,0.04596394639460502
1081,0.042321772919313806,0.04596152326412989
1082,0.0423191307746561,0.04596566556082126
1083,0.042317803016385505,0.0459672833889436
1084,0.042316533765163124,0.04596348421257651
1085,0.042315267728384724,0.04596373312121268
1086,0.04231234633272075,0.045961623969452074
1087,0.04230739870234114,0.04595125522245947
1088,0.04230646157396465,0.04595082930402554
1089,0.04230427826771336,0.04595366698355216
1090,0.042303089962649996,0.04595252766087812
1091,0.04230138073122733,0.045955875709664466
1092,0.04230054582022514,0.04595640913425072
1093,0.04229895579241503,0.04595270261799788
1094,0.042297282608891214,0.045953092220700445
1095,0.04229566298730347,0.04595175416096485
1096,0.042293843056852215,0.045951610617215186
1097,0.04229230500940241,0.04595708623823232
1098,0.04228998844311559,0.04599160333904675
1099,0.04228843092076262,0.045991684327535885
1100,0.042286610711403286,0.04599819561235749
1101,0.04228460221633238,0.045996354710011136
1102,0.042282944527751234,0.04599648266908248
1103,0.042281467728110346,0.04600220197511435
1104,0.04228066661141467,0.04601705154453537
1105,0.04227963371231487,0.04602128773264306
1106,0.04226987127148831,0.04600706708766973
1107,0.042268620481614276,0.04600313388539561
1108,0.042267584733445586,0.04599842567877608
1109,0.04226640242603679,0.04599580041479862
1110,0.04226501733425034,0.0459942949289256
1111,0.042264107521308845,0.045997314330685886
1112,0.042262965141580025,0.04600522619044427
1113,0.04226191532711866,0.04600862668398963
1114,0.04225980581590721,0.046008186340876
1115,0.042258831194648974,0.04601226562062205
1116,0.04225766219816793,0.04601122171442807
1117,0.04225502335707476,0.04601102327587156
1118,0.042253707911395634,0.04600679270421165
1119,0.042252725964449414,0.04601003592007136
1120,0.042249403797383886,0.046015232513620996
1121,0.04224874612301765,0.046019057559151255
1122,0.042248140550259154,0.04601752835669592
1123,0.04224575458417877,0.04601449866228624
1124,0.04224461463554973,0.04601416838055031
1125,0.04224345460321932,0.04601534292974781
1126,0.04224217828906021,0.04601379685415487
1127,0.042241563179018234,0.0460153020876354
1128,0.042240405649152275,0.04601516872945226
1129,0.0422397322060524,0.046017525546475056
1130,0.04223875595787431,0.04601739298895608
1131,0.04223553162069936,0.046006376259860406
1132,0.04223311478366751,0.045996445289335205
1133,0.04223160697721889,0.04602751565047292
1134,0.042230470097813555,0.04602709425464625
1135,0.042222313934593414,0.04601783412095278
1136,0.04222012289629227,0.04601461089552098
1137,0.04221886688884948,0.04601866834732641
1138,0.04221770267873279,0.04602361346406308
1139,0.04221474395054404,0.04602976664878555
1140,0.04221212035962243,0.04602765238758339
1141,0.04220823833195586,0.04602121775521877
1142,0.04220630757891655,0.046022135451599076
1143,0.04220412200837426,0.0460203617423032
1144,0.04220291021218035,0.04602101970528585
1145,0.04220013217784024,0.046011844697877224
1146,0.04219883942061428,0.04601323911560242
1147,0.042192263117253326,0.046002813623511885
1148,0.04218975191678828,0.04600030388897251
1149,0.04218774237587811,0.04599759455376809
1150,0.042183818306269626,0.04599492779023894
1151,0.04218119425280662,0.04599108994101166
1152,0.04217954496944594,0.04598882971858108
1153,0.04217871891202301,0.045986437979043865
1154,0.042177438252615204,0.04598224535421506
1155,0.04217580636524962,0.04597815212416292
1156,0.04217412193725441,0.045977750753528335
1157,0.04217204535671217,0.045971881888441986
1158,0.04216834468900854,0.045962724604003205
1159,0.04216742523329239,0.04596301753999071
1160,0.042166999179289934,0.04596245518577477
1161,0.04216595139548182,0.045961136942217026
1162,0.04216178615343508,0.045961539938324324
1163,0.042161283887890894,0.04596333869057583
1164,0.042156516463593044,0.045936448768820956
1165,0.04215352973686234,0.04593097428081292
1166,0.04215237608833985,0.0459290938401145
1167,0.04215174555637683,0.04593006992801023
1168,0.042150252242829325,0.04593272446463345
1169,0.04214087401667098,0.045929836446461654
1170,0.04214008657032904,0.045933766545254155
1171,0.04213910326631317,0.04593119060243328
1172,0.04213882582935698,0.04593158057419738
1173,0.0421370729859865,0.04592908717355411
1174,0.042134239849470526,0.045931286123269854
1175,0.04212972962199302,0.04593093339553209
1176,0.04212678337662486,0.04592940467331759
1177,0.042125840958289196,0.045928040586174536
1178,0.04212431891756202,0.04592654595824252
1179,0.04212167900904505,0.04592553362749968
1180,0.04212072772630856,0.04592376000566022
1181,0.04211860169410296,0.04592041181097198
1182,0.04211496199126138,0.045921061588023844
1183,0.042113488049826564,0.04592118670366768
1184,0.042111686916762224,0.04593261730672656
1185,0.04211071221350824,0.04593122215775936
1186,0.04211006973374536,0.0459359930750673
1187,0.04210673147490458,0.045937894908284184
1188,0.04210432093428857,0.04593621506083248
1189,0.04210362605783361,0.045936844518380135
1190,0.042102291935338106,0.04593854034804739
1191,0.04210034845748514,0.045941551447237
1192,0.04209943854957988,0.04594460741609527
1193,0.04209707596459763,0.045948132812352105
1194,0.04209552497764677,0.04595877239874681
1195,0.04209442721442714,0.045958066083872276
1196,0.04209162046927046,0.04595284920726983
1197,0.04208876141137794,0.045949266400429234
1198,0.04208471358288204,0.0459446564907881
1199,0.04208339154408797,0.045950695558065524
1200,0.04208039159126584,0.04596951482815724
1201,0.04207942119548789,0.045968121000716455
1202,0.04207868297800631,0.04597047847665117
1203,0.042076713433134356,0.04597061095181594
1204,0.042070658214771905,0.04596136419862065
1205,0.042069647080022844,0.045959921158609654
1206,0.042068093239709024,0.0459540573665481
1207,0.04206644531510677,0.045954050080007226
1208,0.04206396858137564,0.0459599877687619
1209,0.04205787193784268,0.045936452230761815
1210,0.0420570813099905,0.04593790403246681
1211,0.04205573032951994,0.04594084434867906
1212,0.042054210782321425,0.04594454911983989
1213,0.0420521730617299,0.0459456857621399
1214,0.042050610750895175,0.04594618277386097
1215,0.042050147821913235,0.04594252362030211
1216,0.04204707898883158,0.045943711317919224
1217,0.042045713366482385,0.04594051894011896
1218,0.042042672088946076,0.04593452357967733
1219,0.04204225549072174,0.04593742757773611
1220,0.04204052563626506,0.04593516985324146
1221,0.042038314235091356,0.04592723859519876
1222,0.0420358281888791,0.04592411154859326
1223,0.04203577816594366,0.04593578657370742
1224,0.042034784598070654,0.04592975944438218
1225,0.04203398393656205,0.04593553542334522
1226,0.042032969389375244,0.04593498805518959
1227,0.04202969242199494,0.045930987778258554
1228,0.04202631571412912,0.0459286466290392
1229,0.04202535187848218,0.04592890509549961
1230,0.04202348105918883,0.045930820435455454
1231,0.04202255305605396,0.0459291355357207
1232,0.04202103338800345,0.045933472611209045
1233,0.042018918639971266,0.04593195535748605
1234,0.04201812410348774,0.04593147417713591
1235,0.04201667131994916,0.04593128832922253
1236,0.042015360747005556,0.04593162892839209
1237,0.042010073234239415,0.04592035095977497
1238,0.042006400740926646,0.045920163940918926
1239,0.04200484411073912,0.04591854670073417
1240,0.04200423600659875,0.04591892079861958
1241,0.04200202622846081,0.0459138144733423
1242,0.042000828393484166,0.04591721663961889
1243,0.041997839950625705,0.04591580545010572
1244,0.04199319250382153,0.04591261591017684
1245,0.04199233632163316,0.04591075617075731
1246,0.04199161324948865,0.04590845695086613
1247,0.04198960588869657,0.045908676981986314
1248,0.04198868766384122,0.0459083008526707
1249,0.04198786946211947,0.045906616929922386
1250,0.041985732204182946,0.04590335915583569
1251,0.041983148058312054,0.04590463930153619
1252,0.04198192022637657,0.045903837768143156
1253,0.04197834137939642,0.04589611869733647
1254,0.041976396150607775,0.045896394539024186
1255,0.041975317651386304,0.04589697044395599
1256,0.0419746168634166,0.045897992159165686
1257,0.041973088396566605,0.0458982671179136
1258,0.04197129400832533,0.04589145828721726
1259,0.04196962036434471,0.045890655170411056
1260,0.041967493642277476,0.045895759698077805
1261,0.04196604497745207,0.0458917298134689
1262,0.04196243895110508,0.04589646985377116
1263,0.04196009456696826,0.0458961922776698
1264,0.04195726759840598,0.04590402984792836
1265,0.04195303155038978,0.04589442371087296
1266,0.041951062411811645,0.045892145024533225
1267,0.041949643693515386,0.045889057526395924
1268,0.041947678377024435,0.04589070513001286
1269,0.04194584182823018,0.045888588059745314
1270,0.04194189552717011,0.045882312412888725
1271,0.041940412303110894,0.04587542917237074
1272,0.04194006047737941,0.04588076939096126
1273,0.041939005836589084,0.045879985341431624
1274,0.041937684801912144,0.04588060773630893
1275,0.04193665810803295,0.04588730563952117
1276,0.04193471686388167,0.045889589194793495
1277,0.04193197711126576,0.04589431234036113
1278,0.04193131303624614,0.045893131876906204
1279,0.041930793297546426,0.045891995801036464
1280,0.041928632355947903,0.04590292739073883
1281,0.041927916581001715,0.045901999160452935
1282,0.04192588877535298,0.045897275548692336
1283,0.04192245072919984,0.04589064533857662
1284,0.04192180871198042,0.04589255994462635
1285,0.04191953990991149,0.04588551801366521
1286,0.041918842667407225,0.04589121123989363
1287,0.04191789306611433,0.04588979652790489
1288,0.04191712733618865,0.045890727916981164
1289,0.041916049032808565,0.04588604842991252
1290,0.04191259328474274,0.045885177012605596
1291,0.0419111615405612,0.045884567067959896
1292,0.041909624697650354,0.04588904555228074
1293,0.041908684567804416,0.04589000251105155
1294,0.041907535782359215,0.04589070832276605
1295,0.04190674403155289,0.04589768374841599
1296,0.0419056777438948,0.04590025915992758
1297,0.0419045883509856,0.04589965309720652
1298,0.041903905845821314,0.04589894805290895
1299,0.04190333516881841,0.045896169270020826
1300,0.041902908852831294,0.04590001701261814
1301,0.04190184747374096,0.04589598614325937
1302,0.04189999697510215,0.04589489479722888
1303,0.04189942203743616,0.045898222056867936
1304,0.04189766936821469,0.04589559548332981
1305,0.0418945108867816,0.045892225809741144
1306,0.041893166981507114,0.04589162156075808
1307,0.041891959760803815,0.04588570703583195
1308,0.04189031839715174,0.04588191137545675
1309,0.041889116880289304,0.04588229047785689
1310,0.041888184359607686,0.04588319397682663
1311,0.04188646987567323,0.04588050913458545
1312,0.04188198669835849,0.04587590918723166
1313,0.041881317159431344,0.04587515873988806
1314,0.04187883807592736,0.04587400825039771
1315,0.041878245175359936,0.04587513538155722
1316,0.04187695956372272,0.04587615389702681
1317,0.0418747878516692,0.04587876396274967
1318,0.04187367949555294,0.045883066116563766
1319,0.04187303218058902,0.04588697748171966
1320,0.04186911460960858,0.045881505114063394
1321,0.04186740734108791,0.04589119596819411
1322,0.04186676825937505,0.045890080709955434
1323,0.04186473062666989,0.04588851612839634
1324,0.041864050604230846,0.04588907492976192
1325,0.04186254071425918,0.045890954294213304
1326,0.041861716297446686,0.04589332481056378
1327,0.04185650905141785,0.045877376378768105
1328,0.04185602068731051,0.04587820897123526
1329,0.04185488312002316,0.04587805541428483
1330,0.04185402623881808,0.04587633194551339
1331,0.04185285437144096,0.04587336301016376
1332,0.04185222835908473,0.04587498951792852
1333,0.04185138011258251,0.045876915242253166
1334,0.04184783990172369,0.04587169686646021
1335,0.041844552858252955,0.04586688781973119
1336,0.041844011047977886,0.045865036263862964
1337,0.041842099078696404,0.045861734601490116
1338,0.041841238806945215,0.045862280302846524
1339,0.041840463970146444,0.04586110968096796
1340,0.04183924516477615,0.04586242566006289
1341,0.041838414487093446,0.04586247147782499
1342,0.04183765775482188,0.045858941508493144
1343,0.04183642867980678,0.04585784314598381
1344,0.04183521390456873,0.04586789518216236
1345,0.041833077416639074,0.04585938020170138
1346,0.04183085651466583,0.045859661464839746
1347,0.04182982589381655,0.045859850926832174
1348,0.041828960964907486,0.04586059335104536
1349,0.04182672355737976,0.04585723608372799
1350,0.04182565212067247,0.04586151195629359
1351,0.04182450765113061,0.04586057583426475
1352,0.04182266917934942,0.04585863387716821
1353,0.04182183642511165,0.045859231407877364
1354,0.041814730630612244,0.04584418057984095
1355,0.04181284050855903,0.0458425626242379
1356,0.04181200560015546,0.04584096889359643
1357,0.041806870886670136,0.045833880059490406
1358,0.04180673602090567,0.04584087598252727
1359,0.0418027813788728,0.045835125997409736
1360,0.04180226356054161,0.045834633158519704
1361,0.04180159076275098,0.0458337733614819
1362,0.04180000074458674,0.04583490022203921
1363,0.04179909544539043,0.04583637576440572
1364,0.041798121014663306,0.045837662281792625
1365,0.04179690840572192,0.04583643567428933
1366,0.04179538891935129,0.04583516014974947
1367,0.04179396225938381,0.045832594018581016
1368,0.041793086863065036,0.045830279057032755
1369,0.04179277085200614,0.0458327213182341
1370,0.04179165441194725,0.045831673324641005
1371,0.04179050404304634,0.04583090476458169
1372,0.041789175243866356,0.04583128292873891
1373,0.04178804945760016,0.04583314447431024
1374,0.04178705011171041,0.045832622524774214
1375,0.041785151545224365,0.04583291583814401
1376,0.04178322945620208,0.04583127449270952
1377,0.04178165342269771,0.045829560141680714
1378,0.041780946514359416,0.04582591343860337
1379,0.041779554559038035,0.045825251400913286
1380,0.04177852343822681,0.04582517874253
1381,0.04177637042002145,0.04582138666369191
1382,0.0417760373863397,0.04582229507556601
1383,0.04177495667640709,0.04582142921948944
1384,0.041773967418008484,0.04582524129512167
1385,0.041772298419957006,0.045816463807264195
1386,0.041770931005943895,0.04581179103379366
1387,0.04176745996433736,0.04581149980757829
1388,0.04176437522515296,0.045809994718739984
1389,0.04176322460419682,0.04581119471726934
1390,0.041762402466974775,0.04581246333214671
1391,0.04175845452636456,0.045812264149440216
1392,0.041756960984864956,0.045812537104186216
1393,0.04175548868653192,0.04581241812020717
1394,0.041754831583903605,0.04581261216638592
1395,0.041753678299451535,0.045811064099206066
1396,0.04175282329448197,0.04581175545275434
1397,0.041751686748354944,0.045816419682718316
1398,0.041749926310763734,0.045815348766075674
1399,0.041749065452429006,0.04581848246322217
1400,0.04174765321838343,0.04581557558057391
1401,0.041746312118513464,0.045811170010996785
1402,0.041745169080382595,0.04580480453026934
1403,0.04174061733327213,0.0457961959977037
1404,0.0417390112477827,0.04579906768875795
1405,0.04173770728507842,0.04579969159535936
1406,0.04173687443997635,0.04579917583399186
1407,0.04173480283931948,0.04579909020672666
1408,0.041733440138564275,0.045801410808952225
1409,0.04173238225305349,0.04580054381758321
1410,0.041730529897689335,0.04580035284558375
1411,0.04172842142691864,0.04579581455863647
1412,0.041726909663100144,0.0457983983080432
1413,0.041725785917450624,0.04579831416413387
1414,0.041725086568613026,0.04579586811767684
1415,0.04172455924140025,0.04579531018048858
1416,0.041723468613548594,0.04579235286153706
1417,0.04171999694541543,0.04581296683139438
1418,0.0417191742206227,0.04581531472131215
1419,0.04171487344278832,0.04582163036535053
1420,0.04171399983328095,0.0458227581381745
1421,0.04171146032731917,0.04582160724646201
1422,0.04171060639723368,0.04581909002997239
1423,0.041708658631727166,0.045814298697464034
1424,0.04170764498595372,0.04581433475081015
1425,0.041703718333903975,0.04581787932052441
1426,0.04169660133617151,0.045802734475712883
1427,0.04169517084063026,0.04580354177628344
1428,0.041693996067974554,0.04580527951675526
1429,0.04169373143446471,0.045807036937089214
1430,0.04169247751950162,0.04580604435568607
1431,0.04168970388133574,0.045804054907135516
1432,0.04168871173885912,0.04580602687366002
1433,0.04168733069312038,0.04580387168076937
1434,0.041686095323363155,0.04580399932111953
1435,0.041685212153635215,0.04580378616950566
1436,0.04168334794335821,0.04580273079573242
1437,0.0416812571094308,0.04579729601473151
1438,0.04167992336601858,0.045801559587323126
1439,0.041679269254539075,0.04580086220344727
1440,0.04167826137630096,0.04579957793040007
1441,0.04167679367774689,0.04579632649250587
1442,0.04167554450593634,0.04579480978365848
1443,0.041673862586539975,0.04579060818671641
1444,0.041671797351235294,0.04578712819013827
1445,0.04167033383012414,0.04579240673654863
1446,0.041669175756346336,0.045789826458831846
1447,0.04166665888392217,0.045793266116745536
1448,0.04166382585914146,0.04579328845505629
1449,0.04166309436062823,0.045794046978637475
1450,0.04166186238763417,0.04579247507015999
1451,0.04166106511874635,0.045790972261408956
1452,0.0416601898464591,0.045788475303426925
1453,0.041659337970210285,0.04578880511521438
1454,0.041658462534398,0.045786219216105296
1455,0.04165745664759485,0.04578551246275885
1456,0.041652012759525854,0.045785406717237444
1457,0.04165015753002039,0.04579330534319009
1458,0.04164809243245184,0.04578718081294661
1459,0.041646804676076114,0.04578464206503605
1460,0.041645527792227875,0.045784402771648684
1461,0.04164478610162682,0.04578280194089523
1462,0.04164391027113581,0.045801023984879945
1463,0.04164200953354899,0.04580323682435089
1464,0.04164049006012596,0.0458008944975253
1465,0.04163913992188695,0.045797110059977886
1466,0.041637924995188196,0.04579916495929241
1467,0.04163690762423519,0.04579885793748735
1468,0.041634165065523025,0.045797233474956615
1469,0.041633287584673155,0.045800345823162225
1470,0.041631764836326315,0.04580259041339031
1471,0.04163120654076304,0.04580319834290853
1472,0.0416307536484084,0.0458035644861097
1473,0.04163035064259959,0.04580790515009116
1474,0.041628272763157406,0.045803339064142336
1475,0.04162657683558358,0.04580484551863762
1476,0.04162456390171729,0.04580983007180877
1477,0.041623306575337825,0.045809314805847164
1478,0.041623170037994504,0.04581309022863802
1479,0.041616847896424385,0.04579967963455491
1480,0.04161548017016972,0.045796997368639326
1481,0.04161391371958114,0.04579475908804333
1482,0.04161296849069783,0.0457928371042911
1483,0.0416088475634095,0.04580416858562057
1484,0.04160721571628147,0.045805049033423306
1485,0.04160633009492627,0.04580201175702228
1486,0.04160492519213817,0.045804993013788355
1487,0.041603698808644604,0.04580225713539931
1488,0.041597308132848426,0.0458061858398854
1489,0.04159639652322155,0.045803621315987975
1490,0.041594823203738265,0.04580395254537581
1491,0.04159412031233081,0.045807725344102296
1492,0.04159242859711723,0.0458010895195785
1493,0.0415917781559162,0.045800367260117235
1494,0.04158965910782284,0.045798098809389745
1495,0.04158676100504015,0.04580139317543582
1496,0.041586559321792234,0.045802522880990924
1497,0.041585771252492965,0.04580188334626172
1498,0.041584751190591636,0.045799886739823915
1499,0.04157829424694566,0.045787290177167025
1500,0.04157731178460621,0.045784534814721986
1501,0.04157682532487002,0.04578387212536011
1502,0.04157538784076855,0.045781382342678166
1503,0.04157162476578108,0.04577378657982803
1504,0.04157057406069188,0.04577287418879288
1505,0.04156999980575177,0.04577306122834076
1506,0.041568790250626875,0.045771065513504
1507,0.04156720905729125,0.04577101137550078
1508,0.04156659656116299,0.04577381682769867
1509,0.04156474922668505,0.04576669896859106
1510,0.041563545738223566,0.045765149174442694
1511,0.04156156561812439,0.045763944462377144
1512,0.041560844259758166,0.04576530694076009
1513,0.0415604917047184,0.045767905348482574
1514,0.04155883351817017,0.0457726570282773
1515,0.041557944093872284,0.04577332963345015
1516,0.041556488543956625,0.045769526707892506
1517,0.04155572359423781,0.045769550231776146
1518,0.041555165193572066,0.045770580093326456
1519,0.04155312673812854,0.04576865225218651
1520,0.04155218576830403,0.04576833336256203
1521,0.041551324907240755,0.04577003029611508
1522,0.041550394035124935,0.04576991254778494
1523,0.04154921215766709,0.04577015953843613
1524,0.04154855652104014,0.0457707817953164
1525,0.04154206042448135,0.04577280515616396
1526,0.04153885371831639,0.04576491353805947
1527,0.04153640471868985,0.0457659306225771
1528,0.041532716685711735,0.04576647547441918
1529,0.041531662409779666,0.04576714264648769
1530,0.041530567839175324,0.0457680829377705
1531,0.04152905752278194,0.045766094089708234
1532,0.04152670168520777,0.04579045937065144
1533,0.04152642851756191,0.045790564537904366
1534,0.04152187773919816,0.04578044662895722
1535,0.0415215987946777,0.04578246565042919
1536,0.0415211059582458,0.0457814149800502
1537,0.041520154859601845,0.04578289579672591
1538,0.041519412983391964,0.04578248019664115
1539,0.04151909078233284,0.0457823017035246
1540,0.04151877397470995,0.04579012314381411
1541,0.041517966384636826,0.04578945034157639
1542,0.04151715474615413,0.0457907548447257
1543,0.041515907640462896,0.045793086480141416
1544,0.04151479198973424,0.04579224448278585
1545,0.041514057506986314,0.04579353179134068
1546,0.0415106649128236,0.04578512596856105
1547,0.04150991848349275,0.04578328225385057
1548,0.04150637324980118,0.045787411744752135
1549,0.041505048230428256,0.045781283177416664
1550,0.04150369598907083,0.04578387569711764
1551,0.04150215940185104,0.045784864763479996
1552,0.041499727320322935,0.045781600488907705
1553,0.04149897013966699,0.045798509569596565
1554,0.04149805946680862,0.045797144724613444
1555,0.041496811384033154,0.04579417843935807
1556,0.041495958853824476,0.04581182737390293
1557,0.041494854654733036,0.0458087114355023
1558,0.041493518289476485,0.04580654988935454
1559,0.04149265085682017,0.04580363251561118
1560,0.04149169187056312,0.04579790050819212
1561,0.04149012005140577,0.04579635697432081
1562,0.04148867111772139,0.04580468755855623
1563,0.041484187473086354,0.045800209974135475
1564,0.041481024260619066,0.045802178575847674
1565,0.0414804269898883,0.04580822745934815
1566,0.04148017431091317,0.045811457410703214
1567,0.04147957600266177,0.045810664496991685
1568,0.04147640479971038,0.045809671937353184
1569,0.04147556732324939,0.045807502959703816
1570,0.041475123912847175,0.04580655326188637
1571,0.0414746877626122,0.045806491947484804
1572,0.04147194183572038,0.045808487536213256
1573,0.04147035651140881,0.045806877978136984
1574,0.041462868906346886,0.04579523333094183
1575,0.041459747263654236,0.0458012916251206
1576,0.04145880764081267,0.045799826535149704
1577,0.04145773275075054,0.045797870871002344
1578,0.041456965477889976,0.045797237425819606
1579,0.04145109704044813,0.0457851083433036
1580,0.04145067730411483,0.04578618662326343
1581,0.04144942307010949,0.045785268583686894
1582,0.04144779794006322,0.04578497712828775
1583,0.04144706227824631,0.04578388391441915
1584,0.04144562356748003,0.045784517369016
1585,0.041443630021783716,0.04578551952608379
1586,0.04143877261928612,0.0457867336755491
1587,0.0414378754287583,0.04578572597352299
1588,0.041436876102524535,0.04578897207728681
1589,0.041436089905250044,0.045788270567809514
1590,0.04143570486007776,0.045788576658849375
1591,0.0414353473572056,0.04578936102010986
1592,0.04143481904651479,0.04579196743179246
1593,0.041434643376361914,0.045797573343603404
1594,0.04143426324199649,0.04579592829545469
1595,0.0414305772193616,0.045789871957818716
1596,0.041429212979576864,0.045791978411411936
1597,0.041428047959994,0.0457913285757769
1598,0.04142699902328635,0.0457889114926272
1599,0.041426368590976065,0.04579876082950707
1600,0.04142527321237533,0.04579743534310548
1601,0.04142355688983348,0.04579308907165728
1602,0.04142234294590715,0.04579269841602431
1603,0.041421684960555295,0.04579283099658006
1604,0.04141658810754738,0.04579871049759057
1605,0.0414157805442779,0.04579622566364298
1606,0.04141485475974704,0.04579799324162413
1607,0.04140316360061903,0.045790662270685255
1608,0.041402249199085084,0.04579028769032007
1609,0.04140145424852468,0.04578884656319717
1610,0.041400502465576756,0.04578580805094542
1611,0.041399518628461036,0.04578712558564539
1612,0.04139818266692767,0.0457902525477848
1613,0.04139354458903156,0.045783768018874994
1614,0.04139251234328098,0.04578138462960779
1615,0.0413915234845335,0.045782847495126656
1616,0.04139082157868425,0.04578241642629856
1617,0.041390039998380694,0.04578412753037025
1618,0.04138948667743289,0.04578691271102285
1619,0.041388508067796426,0.04578577418336838
1620,0.04138756260230291,0.04579275852375822
1621,0.04138689249699881,0.04579871907894288
1622,0.04138639524972633,0.045798022844941416
1623,0.04138544745891736,0.04579499781293453
1624,0.041385189117322356,0.04579672963958596
1625,0.041380348811909634,0.04579391255002774
1626,0.041378949816358826,0.0457887042026929
1627,0.041378312997733584,0.04579213241731027
1628,0.04137657155963435,0.045786535830748674
1629,0.04137542806227863,0.04578604574818349
1630,0.041374549014684646,0.045787397902044155
1631,0.041373970047149045,0.04578709345255463
1632,0.0413732966599243,0.045788578760838985
1633,0.041371885998023016,0.04578690333433057
1634,0.04137089538006872,0.04578679866368547
1635,0.04137019524873816,0.04578586895428797
1636,0.04136926335813619,0.045785383618701735
1637,0.041368508770471484,0.04578636169330026
1638,0.04136690184096532,0.045784470537529355
1639,0.04136636704429628,0.04578774540249719
1640,0.04136319664855119,0.04578651930537203
1641,0.04136252598349564,0.04578510035305825
1642,0.041361305809915955,0.04580374424185797
1643,0.04135962806983978,0.04582332454926374
1644,0.0413582485158475,0.0458235574558483
1645,0.041357802537740004,0.045822614814412715
1646,0.04135685186262531,0.04582153666744517
1647,0.04135429370259606,0.04582789481929791
1648,0.04135399458607644,0.04583127330093995
1649,0.041352563589759986,0.04582810263916571
1650,0.04135139969546698,0.04582678917419002
1651,0.041349773003966146,0.04582873240856552
1652,0.041348655895641316,0.04582681232860173
1653,0.041347741474562605,0.04582520022343769
1654,0.041347133109795126,0.045822914321113836
1655,0.04134526990203606,0.045821221762741976
1656,0.04134488476568234,0.045823033174493155
1657,0.04134149095344612,0.045815540550328944
1658,0.04133994040128686,0.045813980816845165
1659,0.04133928841411619,0.04581480008620934
1660,0.041338827713425876,0.04581477929952471
1661,0.0413380730449633,0.04581509747271751
1662,0.04133525968762603,0.045812418706117
1663,0.0413318736548903,0.045810064722975996
1664,0.04133099318006294,0.04580736428383542
1665,0.041330132229310874,0.045809313690645365
1666,0.04132951735289804,0.0458099834889702
1667,0.04132883712465056,0.045808587907236714
1668,0.041328438837920055,0.04581192099939176
1669,0.04132667842864769,0.045814676278567196
1670,0.04132550137429975,0.04581251336104329
1671,0.04132474702665929,0.045820291442937935
1672,0.0413237988859963,0.045816999072040177
1673,0.04132302206592201,0.04581547913882291
1674,0.041322259731878884,0.04581238952906547
1675,0.04132149158561207,0.045813330302677556
1676,0.041320435899612706,0.04582170957477379
1677,0.04131353064213553,0.0458063128525454
1678,0.041311818285188366,0.04580828573013617
1679,0.041311515376085475,0.045824900105471154
1680,0.04131009201428029,0.04582069134975498
1681,0.04130919077977827,0.04582165355002196
1682,0.04130873647449081,0.04582146010414769
1683,0.04130628320846704,0.04580727936698855
1684,0.04130539886212237,0.04580680420173413
1685,0.04130319300086414,0.04580574528801505
1686,0.04130102639085155,0.045803901193715996
1687,0.041299960822736306,0.04580394573331111
1688,0.04129842855121756,0.045802437941978434
1689,0.04129798246540964,0.04580068783846804
1690,0.04129659461894666,0.045798895167895995
1691,0.041294723618473535,0.04579875303286379
1692,0.04129412819132928,0.04579884593292117
1693,0.041293664185979705,0.045795685262891184
1694,0.041292696923675716,0.04579627811974607
1695,0.04129202832520917,0.04579520236793695
1696,0.0412908998761838,0.045796095308792695
1697,0.041289557883385265,0.04579779979793192
1698,0.04128913321516306,0.045797722872876985
1699,0.041286992015384154,0.04579883046220616
1700,0.041285739191930904,0.045797969750513964
1701,0.04128505886385917,0.045796283301814567
1702,0.04128428979314825,0.045798087872986136
1703,0.04128391572018299,0.0457980790663834
1704,0.041282907862099545,0.045791954063399656
1705,0.041281903078940974,0.04579066027217798
1706,0.04128075886372707,0.045788666528221895
1707,0.04127997948904444,0.045789961693837394
1708,0.04127558246188516,0.04577460138579727
1709,0.04127496752500617,0.045773692927242274
1710,0.04127394335866829,0.04577697171411584
1711,0.04127334997347905,0.04577686981613536
